[
    {
        "question": " There are 64 students trying out for the school's trivia teams. If 36 of them didn't get picked for the team and the rest were put into 4 groups, how many students would be in each group? ",
        "final_ans": "7"
    },
    {
        "question": " Nancy uploaded 41 pictures to Facebook. She put 37 pics into one album and put the rest into 2 different albums. How many pictures were in each album? ",
        "final_ans": "2"
    },
    {
        "question": " A magician was selling magic card decks for 2 dollars each. If he started with 5 decks and by the end of the day he had 3 left, how much money did he earn? ",
        "final_ans": "4"
    },
    {
        "question": " Will bought 7 boxes of chocolate candy and gave 3 to his little brother. If each box has 4 pieces inside it, how many pieces did Will still have? ",
        "final_ans": "16"
    },
    {
        "question": " Olivia was making baggies of cookies with 9 cookies in each bag. If she had 13 chocolate chip cookies and 41 oatmeal cookies, how many baggies could she make? ",
        "final_ans": "6"
    },
    {
        "question": " Each chocolate bar in a box cost $4. If a box had 11 bars total and Vanessa sold all but 7 bars, how much money would she have made? ",
        "final_ans": "16"
    },
    {
        "question": " Bianca had 45 coloring books. If she gave away 6 of them, but then bought 20 more, how many would she have total? ",
        "final_ans": "59"
    },
    {
        "question": " Cody bought 7 boxes of chocolate candy and 3 boxes of caramel candy. If each box has 8 pieces inside it, how much candy did he have total? ",
        "final_ans": "80"
    },
    {
        "question": " April's discount flowers was having a sale where each rose was 9 dollars. If April started with 11 roses and had 8 roses left, how much money did she earn? ",
        "final_ans": "27"
    },
    {
        "question": " Roger was helping the cafeteria workers pick up lunch trays, but he could only carry 4 trays at a time. If he had to pick up 10 trays from one table and 2 trays from another, how many trips will he make? ",
        "final_ans": "3"
    },
    {
        "question": " Rachel bought two coloring books. One had 24 pictures and the other had 39. After one week she had already colored 4 of the pictures. How many pictures does she still have to color? ",
        "final_ans": "59"
    },
    {
        "question": " Tiffany was playing a video game where she scores 6 points for each treasure she finds. If she found 3 treasures on the first level and 5 on the second, what would her score be? ",
        "final_ans": "48"
    },
    {
        "question": " Megan baked 68 cupcakes for her school's bake sale. If her brother, Todd, ate 32 of them how many packages could she make if she put 6 cupcake in each package? ",
        "final_ans": "6"
    },
    {
        "question": " A new building needed 11 windows. The builder had already installed 4 of them. If it takes 8 hours to install each window, how long will it take him to install the rest? ",
        "final_ans": "56"
    },
    {
        "question": " Olivia was playing a video game where she scores 8 points for each treasure she finds. If she found 2 treasures on the first level and 2 on the second, what would her score be? ",
        "final_ans": "32"
    },
    {
        "question": " A waiter had 33 customers to wait on. If 31 customers left and he got another 26 customers, how many customers would he have? ",
        "final_ans": "28"
    },
    {
        "question": " A magician was selling magic card decks for 9 dollars each. If he started with 12 decks and by the end of the day he had 7 left, how much money did he earn? ",
        "final_ans": "45"
    },
    {
        "question": " Katie uploaded 30 pictures from her phone and 51 from her camera to facebook. If she sorted the pics into 9 different albums with the same amount of pics in each album, how many pictures were in each of the albums? ",
        "final_ans": "9"
    },
    {
        "question": " Will had 83 dollars. If he spent 47 bucks on a new game, how many 4 dollar toys could he buy with the money he had left? ",
        "final_ans": "9"
    },
    {
        "question": " Haley and her friends were recycling paper for their class. For every 3 pounds they recycled they earned one point. If Haley recycled 11 pounds and her friends recycled 16 pounds, how many points did they earn? ",
        "final_ans": "9"
    },
    {
        "question": " Roger had 68 dollars. If he spent 47 bucks on a new game, how many 7 dollar toys could he buy with the money he had left? ",
        "final_ans": "3"
    },
    {
        "question": " Mike invited 13 friends to a birthday party, but 7 couldn't come. If he wanted to buy enough cupcakes so each person could have exactly 4, how many should he buy? ",
        "final_ans": "24"
    },
    {
        "question": " Maria was making baggies of cookies with 5 cookies in each bag. If she had 33 chocolate chip cookies and 2 oatmeal cookies, how many baggies could she make? ",
        "final_ans": "7"
    },
    {
        "question": " Tom bought 12 boxes of chocolate candy and gave 7 to his little brother. If each box has 6 pieces inside it, how many pieces did Tom still have? ",
        "final_ans": "30"
    },
    {
        "question": " Chloe was playing a video game where she scores 9 points for each treasure she finds. If she found 6 treasures on the first level and 3 on the second, what would her score be? ",
        "final_ans": "81"
    },
    {
        "question": " A painter needed to paint 12 rooms in a building. Each room takes 7 hours to paint. If he already painted 5 rooms, how much longer will he take to paint the rest? ",
        "final_ans": "49"
    },
    {
        "question": " Bianca's team won their dodgeball game and scored 75 points total. If Bianca scored 45 of the points and everyone else scored 6 points each, how many players were on her team? ",
        "final_ans": "5"
    },
    {
        "question": " Megan's class is going on a field trip to the zoo. If each van can hold 5 people and there are 25 students and 5 adults going, how many vans will they need? ",
        "final_ans": "6"
    },
    {
        "question": " Tom and his friend were buying trick decks from the magic shop for 8 dollars each. How much did they spend if Tom bought 3 decks and his friend bought 5 decks? ",
        "final_ans": "64"
    },
    {
        "question": " A pet store had 41 siamese cats and 28 house cats. During a sale they sold 15 cats. How many cats do they have left? ",
        "final_ans": "54"
    },
    {
        "question": " John made 6 dollars mowing lawns and 18 dollars weed eating. If he only spent 3 dollar a week, how long would the money last him? ",
        "final_ans": "8"
    },
    {
        "question": " Edward was working as a sacker at a grocery store where he made 6 dollars an hour. On Monday he worked 3 hours and on Tuesday he worked 5 hours. How much money did Edward make in those two days? ",
        "final_ans": "48"
    },
    {
        "question": " Luke made 9 dollars mowing lawns and 18 dollars weed eating. If he only spent 3 dollar a week, how long would the money last him? ",
        "final_ans": "9"
    },
    {
        "question": " A pet store has 8 bird cages. If each cage has 2 parrots and 7 parakeets in it, how many birds does the pet store have total? ",
        "final_ans": "72"
    },
    {
        "question": " While on vacation, Debby took 24 pictures at the zoo and 12 at the museum. If she later deleted 14 of the pictures, how many pictures from her vacation did she still have? ",
        "final_ans": "22"
    },
    {
        "question": " Robin's class is going on a field trip to the zoo. If each van can hold 8 people and there are 22 students and 2 adults going, how many vans will they need? ",
        "final_ans": "3"
    },
    {
        "question": " A vase can hold 5 flowers. If you had 6 carnations and 19 roses, how many vases would you need to hold the flowers? ",
        "final_ans": "5"
    },
    {
        "question": " A magician was selling magic card decks for 7 dollars each. If he started with 16 decks and by the end of the day he had 8 left, how much money did he earn? ",
        "final_ans": "56"
    },
    {
        "question": " Adam bought 13 boxes of chocolate candy and gave 7 to his little brother. If each box has 6 pieces inside it, how many pieces did Adam still have? ",
        "final_ans": "36"
    },
    {
        "question": " Zoe bought two coloring books. One had 44 pictures and the other had 44. After one week she had already colored 20 of the pictures. How many pictures does she still have to color? ",
        "final_ans": "68"
    },
    {
        "question": " For Halloween Robin scored 23 pieces of candy. She ate 7 pieces the first night and then her sister gave her 21 more pieces. How many pieces of candy does Robin have now? ",
        "final_ans": "37"
    },
    {
        "question": " Each chocolate bar in a box cost $4. If a box had 8 bars total and Emily sold all but 3 bars, how much money would she have made? ",
        "final_ans": "20"
    },
    {
        "question": " While shopping, Maria bought 40 green towels and 44 white towels. If she gave her mother 65 of them, how many towels did Maria end up with? ",
        "final_ans": "19"
    },
    {
        "question": " Each chocolate bar in a box cost $6. If a box had 13 bars total and Zoe sold all but 6 bars, how much money would she have made? ",
        "final_ans": "42"
    },
    {
        "question": " There were 2 friends playing a video game online when 2 more players joined the game. If each player had 3 lives, how many lives did they have total? ",
        "final_ans": "12"
    },
    {
        "question": " In fourth grade there were 35 students at the start of the year. During the year 10 students left and 10 new students came to school. How many students were in fourth grade at the end? ",
        "final_ans": "35"
    },
    {
        "question": " At the arcade Jerry won 4 tickets. If he spent 2 tickets on a beanie and later won 47 more tickets, how many would he have? ",
        "final_ans": "49"
    },
    {
        "question": " Dave was helping the cafeteria workers pick up lunch trays, but he could only carry 9 trays at a time. If he had to pick up 17 trays from one table and 55 trays from another, how many trips will he make? ",
        "final_ans": "8"
    },
    {
        "question": " A toy store had 4 giant stuffed bears in stock when they got another shipment with 10 bears in it. The put the bears onto shelves with 7 on each shelf. How many shelves did they use? ",
        "final_ans": "2"
    },
    {
        "question": " Paige and her friends were recycling paper for their class. For every 4 pounds they recycled they earned one point. If Paige recycled 14 pounds and her friends recycled 2 pounds, how many points did they earn? ",
        "final_ans": "4"
    },
    {
        "question": " At lunch a waiter had 10 customers and 5 of them didn't leave a tip. If he got $3 each from the ones who did tip, how much money did he earn? ",
        "final_ans": "15"
    },
    {
        "question": " Katie was selling her necklaces at a garage sale. She sold 4 bead necklaces and 3 gem stone necklaces. If each necklace cost 3 dollars, how much money did she earn? ",
        "final_ans": "21"
    },
    {
        "question": " A trivia team had 12 members total, but during a game 4 members didn't show up. If each member that did show up scored 8 points, how many points were scored total? ",
        "final_ans": "64"
    },
    {
        "question": " A waiter had 9 tables he was waiting on, with 2 women and 6 men at each table. How many customers total did the waiter have? ",
        "final_ans": "72"
    },
    {
        "question": " Debby had 30 coloring books. If she gave away 7 of them, but then bought 35 more, how many would she have total? ",
        "final_ans": "58"
    },
    {
        "question": " Victor and his friend were buying trick decks from the magic shop for 8 dollars each. How much did they spend if Victor bought 6 decks and his friend bought 2 decks? ",
        "final_ans": "64"
    },
    {
        "question": " Jerry had 7 action figures, but needed 16 total for a complete collection. If each one costs $8, how much money would he need to finish his collection? ",
        "final_ans": "72"
    },
    {
        "question": " Sarah had 4 pages of math homework and 6 pages of reading homework. If each page had 4 problems on it, how many problems did she have to complete total? ",
        "final_ans": "40"
    },
    {
        "question": " Gwen had 18 math problems and 11 science problems for homework. If she finished 24 of the problems at school, how many problems did she have to do for homework? ",
        "final_ans": "5"
    },
    {
        "question": " While playing at the arcade, Ned won 26 tickets playing 'whack a mole' and 19 tickets playing 'skee ball'. If he was trying to buy candy that cost 9 tickets a piece, how many could he buy? ",
        "final_ans": "5"
    },
    {
        "question": " Isabel uploaded 2 pictures from her phone and 4 from her camera to facebook. If she sorted the pics into 3 different albums with the same amount of pics in each album, how many pictures were in each of the albums? ",
        "final_ans": "2"
    },
    {
        "question": " Katie's team won their dodgeball game and scored 12 points total. If Katie scored 4 of the points and everyone else scored 4 points each, how many players were on her team? ",
        "final_ans": "2"
    },
    {
        "question": " Tiffany was playing a video game and had 43 lives. In a hard part of the game she lost 14 lives. If she got 27 more lives in the next level, how many lives would she have? ",
        "final_ans": "56"
    },
    {
        "question": " Victor was helping the cafeteria workers pick up lunch trays, but he could only carry 7 trays at a time. If he had to pick up 23 trays from one table and 5 trays from another, how many trips will he make? ",
        "final_ans": "4"
    },
    {
        "question": " Katie baked 18 cupcakes for her school's bake sale. If her brother, Todd, ate 8 of them how many packages could she make if she put 2 cupcake in each package? ",
        "final_ans": "5"
    },
    {
        "question": " Zoe had 6 songs on her mp3 player. If she deleted 3 old songs from it and then added 20 new songs, how many songs does she have on her mp3 player? ",
        "final_ans": "23"
    },
    {
        "question": " Nancy and her mom were picking carrots from their garden. Nancy picked 38 and her mother picked 47. If only 71 of the carrots were good, how many bad carrots did they have? ",
        "final_ans": "14"
    },
    {
        "question": " While playing at the arcade, Luke won 2 tickets playing 'whack a mole' and 13 tickets playing 'skee ball'. If he was trying to buy candy that cost 3 tickets a piece, how many could he buy? ",
        "final_ans": "5"
    },
    {
        "question": " For the school bake sale Katie made 26 cupcakes. If she sold 20 of them and then made 20 more, how many cupcakes would she have? ",
        "final_ans": "26"
    },
    {
        "question": " A pet store had 81 puppies. In one day they sold 41 of them and put the rest into cages with 8 in each cage. How many cages did they use? ",
        "final_ans": "5"
    },
    {
        "question": " Nancy uploaded 51 pictures to Facebook. She put 11 pics into one album and put the rest into 8 different albums. How many pictures were in each album? ",
        "final_ans": "5"
    },
    {
        "question": " A pet store had 102 puppies. In one day they sold 21 of them and put the rest into cages with 9 in each cage. How many cages did they use? ",
        "final_ans": "9"
    },
    {
        "question": " Haley uploaded 65 pictures to Facebook. She put 17 pics into one album and put the rest into 6 different albums. How many pictures were in each album? ",
        "final_ans": "8"
    },
    {
        "question": " Emily was planting vegetables in her garden. She started with 42 seeds and planted 36 of them in the big garden and in each of her small gardens put 2 seeds each. How many small gardens did Emily have? ",
        "final_ans": "3"
    },
    {
        "question": " Tiffany uploaded 7 pictures from her phone and 13 from her camera to facebook. If she sorted the pics into 5 different albums with the same amount of pics in each album, how many pictures were in each of the albums? ",
        "final_ans": "4"
    },
    {
        "question": " At a restaurant each adult meal costs $5 and kids eat free. If a group of 15 people came in and 8 were kids, how much would it cost for the group to eat? ",
        "final_ans": "35"
    },
    {
        "question": " John had 5 action figures, but needed 7 total for a complete collection. If each one costs $5, how much money would he need to finish his collection? ",
        "final_ans": "10"
    },
    {
        "question": " Paul bought 6 boxes of chocolate candy and 4 boxes of caramel candy. If each box has 9 pieces inside it, how much candy did he have total? ",
        "final_ans": "90"
    },
    {
        "question": " Lana's favorite band was holding a concert where tickets were 6 dollars each. Lana bought 8 tickets for herself and her friends and 2 extra tickets in case anyone else wanted to go. How much did she spend? ",
        "final_ans": "60"
    },
    {
        "question": " Chloe was unboxing some of her old winter clothes. She found 4 boxes of clothing and inside each box there were 2 scarves and 6 mittens. How many pieces of winter clothing did Chloe have total? ",
        "final_ans": "32"
    },
    {
        "question": " Haley was playing a video game and had 14 lives. In a hard part of the game she lost 4 lives. If she got 36 more lives in the next level, how many lives would she have? ",
        "final_ans": "46"
    },
    {
        "question": " Amy had 4 music files and 21 video files on her flash drive. If she deleted 23 of the files, how many files were still on her flash drive? ",
        "final_ans": "2"
    },
    {
        "question": " A teacher had 6 worksheets to grade. If she graded 4, but then another 18 were turned in, how many worksheets would she have to grade? ",
        "final_ans": "20"
    },
    {
        "question": " Sarah had 60 homework problems. She finished 20 of them but still had 5 pages of problems to do. If each page has the same number of problems on it, how many problems are on each page? ",
        "final_ans": "8"
    },
    {
        "question": " Wendy uploaded 45 pictures to Facebook. She put 27 pics into one album and put the rest into 9 different albums. How many pictures were in each album? ",
        "final_ans": "2"
    },
    {
        "question": " For the school bake sale Wendy made pastries. She baked 41 cupcakes and 31 cookies. After the sale she had 32 to take back home. How many pastries did she sell? ",
        "final_ans": "40"
    },
    {
        "question": " Rachel bought two coloring books. One had 23 pictures and the other had 32. After one week she had already colored 44 of the pictures. How many pictures does she still have to color? ",
        "final_ans": "11"
    },
    {
        "question": " While shopping for music online, Nancy bought 3 country albums and 5 pop albums. Each album came with a lyric sheet and had 8 songs. How many songs did Nancy buy total? ",
        "final_ans": "64"
    },
    {
        "question": " Edward earned 9 dollars for each lawn he mowed. If he had 6 lawns to mow, but forgot to mow 2 of them, how much money did he actually earn? ",
        "final_ans": "36"
    },
    {
        "question": " At a restaurant each adult meal costs $2 and kids eat free. If a group of 9 people came in and 2 were kids, how much would it cost for the group to eat? ",
        "final_ans": "14"
    },
    {
        "question": " Kaleb was collecting cans for recycling. On Saturday he filled 4 bags up and on Sunday he filled 6 more bags. If each bag had 4 cans in it, how many cans did he pick up total? ",
        "final_ans": "40"
    },
    {
        "question": " A vase can hold 6 flowers. If you had 7 carnations and 47 roses, how many vases would you need to hold the flowers? ",
        "final_ans": "9"
    },
    {
        "question": " There were 8 friends playing a video game online when 5 players quit. If each player left had 5 lives, how many lives did they have total? ",
        "final_ans": "15"
    },
    {
        "question": " Olivia and her mom were picking carrots from their garden. Olivia picked 20 and her mother picked 14. If only 19 of the carrots were good, how many bad carrots did they have? ",
        "final_ans": "15"
    },
    {
        "question": " Edward earned 4 dollars for each lawn he mowed. If he had 17 lawns to mow, but forgot to mow 9 of them, how much money did he actually earn? ",
        "final_ans": "32"
    },
    {
        "question": " A worksheet had 2 problems on it. If a teacher had 14 worksheets to grade and had already graded 7 of them, how many more problems does she have to grade? ",
        "final_ans": "14"
    },
    {
        "question": " John had 5 dollars. At the store he spent $2 on a new game. If he got another 26 dollars for his allowance, how much money does he have now? ",
        "final_ans": "29"
    },
    {
        "question": " Bianca uploaded 33 pictures to Facebook. She put 27 pics into one album and put the rest into 3 different albums. How many pictures were in each album? ",
        "final_ans": "2"
    },
    {
        "question": " Zoe had 42 bottles of water in her fridge. If she drank 25 of them and then bought 30 more, how many bottles would she have? ",
        "final_ans": "47"
    },
    {
        "question": " A trivia team had 9 members total, but during a game 3 members didn't show up. If each member that did show up scored 2 points, how many points were scored total? ",
        "final_ans": "12"
    },
    {
        "question": " A store had 40 coloring books in stock. They ended up putting them on sale and getting rid of 20 of them. The put the ones they still had onto shelves with 4 on each shelf. How many shelves did they use? ",
        "final_ans": "5"
    },
    {
        "question": " A chef needs to cook 15 potatoes. He has already cooked 6. If each potato takes 8 minutes to cook, how long will it take him to cook the rest? ",
        "final_ans": "72"
    },
    {
        "question": " At the fair there were 12 people in line for the bumper cars. If 10 of them got tired of waiting and left and 15 more got in line, how many people would be in line? ",
        "final_ans": "17"
    },
    {
        "question": " Each chocolate bar in a box cost $3. If a box had 7 bars total and Olivia sold all but 4 bars, how much money would she have made? ",
        "final_ans": "9"
    },
    {
        "question": " Sarah's old washing machine could only wash 5 pieces of clothing at a time. If she had to wash 43 shirts and 2 sweaters how many loads would she have to do? ",
        "final_ans": "9"
    },
    {
        "question": " Katie had 11 songs on her mp3 player. If she deleted 7 old songs from it and then added 24 new songs, how many songs does she have on her mp3 player? ",
        "final_ans": "28"
    },
    {
        "question": " A store had 40 oranges in a bin. If they threw away 37 of the old ones and put 7 new ones in the bin how many would be in the bin? ",
        "final_ans": "10"
    },
    {
        "question": " For the school bake sale Carol made 30 cupcakes. If she sold 9 of them and then made 28 more, how many cupcakes would she have? ",
        "final_ans": "49"
    },
    {
        "question": " A store had 50 oranges in a bin. If they threw away 40 of the old ones and put 24 new ones in the bin how many would be in the bin? ",
        "final_ans": "34"
    },
    {
        "question": " Paige had 27 files on her computer. She deleted 9 of them and put the rest into folders with 6 files in each one. How many folders did Paige end up with? ",
        "final_ans": "3"
    },
    {
        "question": " Luke was organizing his baseball cards in a binder with 3 on each page. If he had 3 new cards and 9 old cards to put in the binder, how many pages would he use? ",
        "final_ans": "4"
    },
    {
        "question": " A pet store had 56 puppies. In one day they sold 24 of them and put the rest into cages with 4 in each cage. How many cages did they use? ",
        "final_ans": "8"
    },
    {
        "question": " At the town carnival Billy rode the ferris wheel 7 times and the bumper cars 3 times. If each ride cost 5 tickets, how many tickets did he use? ",
        "final_ans": "50"
    },
    {
        "question": " Bianca earned 5 points for each bag of cans she recycled. If she had 17 bags, but didn't recycle 8 of them, how many points would she have earned? ",
        "final_ans": "45"
    },
    {
        "question": " A florist had 6 roses. If she sold 5 of them and then later picked 12 more, how many roses would she have? ",
        "final_ans": "13"
    },
    {
        "question": " There were 17 girls and 32 boys trying out for the schools basketball team. If only 10 of them got called back, how many students didn't make the cut? ",
        "final_ans": "39"
    },
    {
        "question": " John was trying to expand his game collection. He bought 21 games from a friend and bought 8 more at a garage sale. If 23 of the games didn't work, how many good games did he end up with? ",
        "final_ans": "6"
    },
    {
        "question": " At the arcade Edward won 9 tickets. If he spent 4 tickets on a beanie and later won 4 more tickets, how many would he have? ",
        "final_ans": "9"
    },
    {
        "question": " For Halloween Megan received 11 pieces of candy from neighbors and 5 pieces from her older sister. If she only ate 8 pieces a day, how long would the candy last her? ",
        "final_ans": "2"
    },
    {
        "question": " Faye had 46 math problems and 9 science problems for homework. If she finished 40 of the problems at school, how many problems did she have to do for homework? ",
        "final_ans": "15"
    },
    {
        "question": " Adam earned 9 dollars for each lawn he mowed. If he had 12 lawns to mow, but forgot to mow 8 of them, how much money did he actually earn? ",
        "final_ans": "36"
    },
    {
        "question": " Megan was selling her necklaces at a garage sale. She sold 7 bead necklaces and 3 gem stone necklaces. If each necklace cost 9 dollars, how much money did she earn? ",
        "final_ans": "90"
    },
    {
        "question": " Oliver had 35 dollars. For his birthday he got 50 more dollars but spent 84 on a new game. How much money does he have now? ",
        "final_ans": "1"
    },
    {
        "question": " At the arcade Victor won 46 tickets. If he spent 27 tickets on a beanie and later won 39 more tickets, how many would he have? ",
        "final_ans": "58"
    },
    {
        "question": " A book store had 41 books in the bargin bin. If they sold 33 books, but then put 2 more in the bin, how many books would be in the bin? ",
        "final_ans": "10"
    },
    {
        "question": " Roger was putting his spare change into piles. He had 3 piles of quarters and 3 piles of dimes. If each pile had 7 coins in it, how many coins did he have total? ",
        "final_ans": "42"
    },
    {
        "question": " There were 9 girls and 14 boys trying out for the schools basketball team. If only 2 of them got called back, how many students didn't make the cut? ",
        "final_ans": "21"
    },
    {
        "question": " Frank was collecting cans for recycling. On Saturday he filled 5 bags up and on Sunday he filled 3 more bags. If each bag had 5 cans in it, how many cans did he pick up total? ",
        "final_ans": "40"
    },
    {
        "question": " Frank had 11 dollars. At the store he spent $3 on a new game. If he got another 14 dollars for his allowance, how much money does he have now? ",
        "final_ans": "22"
    },
    {
        "question": " Zoe had 15 songs on her mp3 player. If she deleted 8 old songs from it and then added 50 new songs, how many songs does she have on her mp3 player? ",
        "final_ans": "57"
    },
    {
        "question": " A company invited 45 people to a luncheon, but 35 of them didn't show up. If the tables they had held 2 people each, how many tables do they need? ",
        "final_ans": "5"
    },
    {
        "question": " Zoe baked 5 brownies, but needed 11 total for her party. If she used 7 cups of flour on each one, how much cups of flour does she still need? ",
        "final_ans": "42"
    },
    {
        "question": " A painter needed to paint 12 rooms in a building. Each room takes 3 hours to paint. If he already painted 4 rooms, how much longer will he take to paint the rest? ",
        "final_ans": "24"
    },
    {
        "question": " Paul had saved up 4 dollars. If he received another 11 dollars for his allowance, how many 5 dollar toys could he buy? ",
        "final_ans": "3"
    },
    {
        "question": " Each chocolate bar in a box cost $2. If a box had 13 bars total and Rachel sold all but 4 bars, how much money would she have made? ",
        "final_ans": "18"
    },
    {
        "question": " A trivia team had 7 members total, but during a game 2 members didn't show up. If each member that did show up scored 4 points, how many points were scored total? ",
        "final_ans": "20"
    },
    {
        "question": " In a video game, each enemy defeated gives you 5 points. If a level has 8 enemies total and you destroy all but 6 of them, how many points would you earn? ",
        "final_ans": "10"
    },
    {
        "question": " Nancy had 101 homework problems. She finished 47 of them but still had 6 pages of problems to do. If each page has the same number of problems on it, how many problems are on each page? ",
        "final_ans": "9"
    },
    {
        "question": " Luke had 47 pieces of clothing to wash. He put 17 of them in one load, but decided to split the rest into 5 equal loads. How many pieces of clothing could go in each of the small loads? ",
        "final_ans": "6"
    },
    {
        "question": " Dave was working as a sacker at a grocery store where he made 6 dollars an hour. On Monday he worked 6 hours and on Tuesday he worked 2 hours. How much money did Dave make in those two days? ",
        "final_ans": "48"
    },
    {
        "question": " There were 10 friends playing a video game online when 7 players quit. If each player left had 8 lives, how many lives did they have total? ",
        "final_ans": "24"
    },
    {
        "question": " Amy had 26 music files and 36 video files on her flash drive. If she deleted 48 of the files, how many files were still on her flash drive? ",
        "final_ans": "14"
    },
    {
        "question": " At the fair Adam bought 10 tickets. After riding the ferris wheel he had 3 tickets left. If each ticket cost 9 dollars, how much money did Adam spend riding the ferris wheel? ",
        "final_ans": "63"
    },
    {
        "question": " Wendy's old washing machine could only wash 8 pieces of clothing at a time. If she had to wash 39 shirts and 33 sweaters how many loads would she have to do? ",
        "final_ans": "9"
    },
    {
        "question": " A florist had 11 roses. If she sold 2 of them and then later picked 32 more, how many roses would she have? ",
        "final_ans": "41"
    },
    {
        "question": " A vase can hold 5 flowers. If you had 6 carnations and 19 roses, how many vases would you need to hold the flowers? ",
        "final_ans": "5"
    },
    {
        "question": " A store had 48 coloring books in stock. They ended up putting them on sale and getting rid of 38 of them. The put the ones they still had onto shelves with 5 on each shelf. How many shelves did they use? ",
        "final_ans": "2"
    },
    {
        "question": " Faye was selling her necklaces at a garage sale. She sold 3 bead necklaces and 7 gem stone necklaces. If each necklace cost 7 dollars, how much money did she earn? ",
        "final_ans": "70"
    },
    {
        "question": " There were 6 girls and 48 boys trying out for the schools basketball team. If only 7 of them got called back, how many students didn't make the cut? ",
        "final_ans": "47"
    },
    {
        "question": " Bianca had 34 songs on her mp3 player. If she deleted 14 old songs from it and then added 44 new songs, how many songs does she have on her mp3 player? ",
        "final_ans": "64"
    },
    {
        "question": " A pet store has 9 bird cages. If each cage has 2 parrots and 2 parakeets in it, how many birds does the pet store have total? ",
        "final_ans": "36"
    },
    {
        "question": " In fourth grade there were 4 students at the start of the year. During the year 3 students left and 42 new students came to school. How many students were in fourth grade at the end? ",
        "final_ans": "43"
    },
    {
        "question": " At the arcade Dave won 25 tickets. If he spent 22 tickets on a beanie and later won 15 more tickets, how many would he have? ",
        "final_ans": "18"
    },
    {
        "question": " A store had 27 coloring books in stock. They ended up putting them on sale and getting rid of 6 of them. The put the ones they still had onto shelves with 7 on each shelf. How many shelves did they use? ",
        "final_ans": "3"
    },
    {
        "question": " A florist had 37 roses. If she sold 16 of them and then later picked 19 more, how many roses would she have? ",
        "final_ans": "40"
    },
    {
        "question": " The school cafeteria ordered 33 red apples and 23 green apples for students lunches. But, if only 21 students wanted fruit, how many extra did the cafeteria end up with? ",
        "final_ans": "35"
    },
    {
        "question": " In fourth grade there were 11 students at the start of the year. During the year 6 students left and 42 new students came to school. How many students were in fourth grade at the end? ",
        "final_ans": "47"
    },
    {
        "question": " Janet picked 4 tulips and 11 roses to make flower bouquets. If she only used 11 of the flowers though, how many extra flowers did Janet pick? ",
        "final_ans": "4"
    },
    {
        "question": " There were 11 friends playing a video game online when 5 players quit. If each player left had 5 lives, how many lives did they have total? ",
        "final_ans": "30"
    },
    {
        "question": " Janet was playing a video game and had 38 lives. In a hard part of the game she lost 16 lives. If she got 32 more lives in the next level, how many lives would she have? ",
        "final_ans": "54"
    },
    {
        "question": " While shopping for music online, Zoe bought 3 country albums and 5 pop albums. Each album came with a lyric sheet and had 3 songs. How many songs did Zoe buy total? ",
        "final_ans": "24"
    },
    {
        "question": " At the fair there were 31 people in line for the bumper cars. If 25 of them got tired of waiting and left and 25 more got in line, how many people would be in line? ",
        "final_ans": "31"
    },
    {
        "question": " A pet store had 19 siamese cats and 45 house cats. During a sale they sold 56 cats. How many cats do they have left? ",
        "final_ans": "8"
    },
    {
        "question": " Gwen was organizing her book case making sure each of the shelves had exactly 9 books on it. If she had 3 shelves of mystery books and 5 shelves of picture books, how many books did she have total? ",
        "final_ans": "72"
    },
    {
        "question": " The school cafeteria ordered 8 red apples and 43 green apples for students lunches. But, if only 42 students wanted fruit, how many extra did the cafeteria end up with? ",
        "final_ans": "9"
    },
    {
        "question": " Zoe and her friends were recycling paper for their class. For every 8 pounds they recycled they earned one point. If Zoe recycled 25 pounds and her friends recycled 23 pounds, how many points did they earn? ",
        "final_ans": "6"
    },
    {
        "question": " At lunch a waiter had 9 customers and 5 of them didn't leave a tip. If he got $8 each from the ones who did tip, how much money did he earn? ",
        "final_ans": "32"
    },
    {
        "question": " There were 13 friends playing a video game online when 8 players quit. If each player left had 6 lives, how many lives did they have total? ",
        "final_ans": "30"
    },
    {
        "question": " There school's baseball team had 4 new players and 6 returning players. If the coach put them into groups with 5 players in each group, how many groups would there be? ",
        "final_ans": "2"
    },
    {
        "question": " Will invited 9 friends to a birthday party, but 4 couldn't come. If he wanted to buy enough cupcakes so each person could have exactly 8, how many should he buy? ",
        "final_ans": "40"
    },
    {
        "question": " Nancy's old washing machine could only wash 9 pieces of clothing at a time. If she had to wash 19 shirts and 8 sweaters how many loads would she have to do? ",
        "final_ans": "3"
    },
    {
        "question": " Megan had 93 files on her computer. She deleted 21 of them and put the rest into folders with 8 files in each one. How many folders did Megan end up with? ",
        "final_ans": "9"
    },
    {
        "question": " A teacher had 7 worksheets to grade. If she graded 2, but then another 46 were turned in, how many worksheets would she have to grade? ",
        "final_ans": "51"
    },
    {
        "question": " April's discount flowers was having a sale where each flower was 6 dollars. If Maria bought 7 roses and 3 daisies, how much did she spend? ",
        "final_ans": "60"
    },
    {
        "question": " At the arcade Dave won 11 tickets. If he spent 5 tickets on a beanie and later won 10 more tickets, how many would he have? ",
        "final_ans": "16"
    },
    {
        "question": " Chloe picked 48 carrots from her garden. If she threw out 45 of them and then picked 42 more the next day, how many carrots would she have total? ",
        "final_ans": "45"
    },
    {
        "question": " For homework Faye had 13 math problems and 2 spelling problems. If she can finish 3 problems in an hour how long will it take her to finish all the problems? ",
        "final_ans": "5"
    },
    {
        "question": " Roger earned 9 dollars for each lawn he mowed. If he had 14 lawns to mow, but forgot to mow 8 of them, how much money did he actually earn? ",
        "final_ans": "54"
    },
    {
        "question": " At Tom's Restaurant a group with 2 adults and 5 children came in to eat. If each meal cost 8 dollars, how much was the bill? ",
        "final_ans": "56"
    },
    {
        "question": " For Halloween Sarah received 108 pieces of candy. She ate 36 pieces then placed the rest into piles with 9 in each pile. How many piles could she make? ",
        "final_ans": "8"
    },
    {
        "question": " For the school bake sale Robin made 42 cupcakes. If she sold 22 of them and then made 39 more, how many cupcakes would she have? ",
        "final_ans": "59"
    },
    {
        "question": " Bianca and her mom were picking carrots from their garden. Bianca picked 26 and her mother picked 15. If only 16 of the carrots were good, how many bad carrots did they have? ",
        "final_ans": "25"
    },
    {
        "question": " The school cafeteria ordered 43 red apples and 32 green apples for students lunches. But, if only 2 students wanted fruit, how many extra did the cafeteria end up with? ",
        "final_ans": "73"
    },
    {
        "question": " George was working as a sacker at a grocery store where he made 5 dollars an hour. On Monday he worked 7 hours and on Tuesday he worked 2 hours. How much money did George make in those two days? ",
        "final_ans": "45"
    },
    {
        "question": " Edward had 43 books. If he sold 19 of them and used the money he earned to buy 14 new books, how many books would Edward have? ",
        "final_ans": "38"
    },
    {
        "question": " Will was organizing his baseball cards in a binder with 3 on each page. If he had 8 new cards and 10 old cards to put in the binder, how many pages would he use? ",
        "final_ans": "6"
    },
    {
        "question": " A company invited 24 people to a luncheon, but 10 of them didn't show up. If the tables they had held 7 people each, how many tables do they need? ",
        "final_ans": "2"
    },
    {
        "question": " While playing a trivia game, Adam answered 5 questions correct in the first half and 5 questions correct in the second half. If each question was worth 5 points, what was his final score? ",
        "final_ans": "50"
    },
    {
        "question": " A store had 34 oranges in a bin. If they threw away 20 of the old ones and put 13 new ones in the bin how many would be in the bin? ",
        "final_ans": "27"
    },
    {
        "question": " A pet store had 18 puppies. In one day they sold 3 of them and put the rest into cages with 5 in each cage. How many cages did they use? ",
        "final_ans": "3"
    },
    {
        "question": " At a restaurant each adult meal costs $3 and kids eat free. If a group of 12 people came in and 7 were kids, how much would it cost for the group to eat? ",
        "final_ans": "15"
    },
    {
        "question": " For Halloween Emily received 54 pieces of candy. She ate 33 pieces then placed the rest into piles with 7 in each pile. How many piles could she make? ",
        "final_ans": "3"
    },
    {
        "question": " Ned bought 14 boxes of chocolate candy and gave 7 to his little brother. If each box has 6 pieces inside it, how many pieces did Ned still have? ",
        "final_ans": "42"
    },
    {
        "question": " A pet shelter had 9 puppies when another 12 were brought in. If 3 puppies a day are adopted, how long would it take for all of them to be adopted? ",
        "final_ans": "7"
    },
    {
        "question": " At the fair Adam bought 13 tickets. After riding the ferris wheel he had 4 tickets left. If each ticket cost 9 dollars, how much money did Adam spend riding the ferris wheel? ",
        "final_ans": "81"
    },
    {
        "question": " For the school bake sale Wendy made pastries. She baked 4 cupcakes and 29 cookies. After the sale she had 24 to take back home. How many pastries did she sell? ",
        "final_ans": "9"
    },
    {
        "question": " There were 8 friends playing a video game online when 3 players quit. If each player left had 3 lives, how many lives did they have total? ",
        "final_ans": "15"
    },
    {
        "question": " A new building needed 14 windows. The builder had already installed 5 of them. If it takes 4 hours to install each window, how long will it take him to install the rest? ",
        "final_ans": "36"
    },
    {
        "question": " For homework Nancy had 17 math problems and 15 spelling problems. If she can finish 8 problems in an hour how long will it take her to finish all the problems? ",
        "final_ans": "4"
    },
    {
        "question": " Henry had 11 dollars. For his birthday he got 18 more dollars but spent 10 on a new game. How much money does he have now? ",
        "final_ans": "19"
    },
    {
        "question": " Katie picked 3 tulips and 9 roses to make flower bouquets. If she only used 10 of the flowers though, how many extra flowers did Katie pick? ",
        "final_ans": "2"
    },
    {
        "question": " A pet store had 64 puppies. In one day they sold 28 of them and put the rest into cages with 4 in each cage. How many cages did they use? ",
        "final_ans": "9"
    },
    {
        "question": " In fourth grade there were 40 students at the start of the year. During the year 14 students left and 26 new students came to school. How many students were in fourth grade at the end? ",
        "final_ans": "52"
    },
    {
        "question": " A worksheet had 3 problems on it. If a teacher had 15 worksheets to grade and had already graded 7 of them, how many more problems does she have to grade? ",
        "final_ans": "24"
    },
    {
        "question": " Edward bought 79 tickets at the state fair. He spent 23 tickets at the 'dunk a clown' booth and decided to use the rest on rides. If each ride cost 7 tickets, how many rides could he go on? ",
        "final_ans": "8"
    },
    {
        "question": " Janet was playing a video game and had 47 lives. In a hard part of the game she lost 23 lives. If she got 46 more lives in the next level, how many lives would she have? ",
        "final_ans": "70"
    },
    {
        "question": " A waiter had 44 customers in his section. If 12 of them left and the rest of his tables had 8 people at each table, how many tables did he have? ",
        "final_ans": "4"
    },
    {
        "question": " Oliver had 35 dollars. For his birthday he got 50 more dollars but spent 84 on a new game. How much money does he have now? ",
        "final_ans": "1"
    },
    {
        "question": " Haley had 27 music files and 42 video files on her flash drive. If she deleted 11 of the files, how many files were still on her flash drive? ",
        "final_ans": "58"
    },
    {
        "question": " The school cafeteria had 12 apples. If they used 8 to make lunch for the students and then bought 19 more, how many apples would they have? ",
        "final_ans": "23"
    },
    {
        "question": " Emily was playing a trivia game. In the first round she scored 16 points and in the second round she scored 33 points. In the last round she lost 48 points. How many points did she have at the end of the game? ",
        "final_ans": "1"
    },
    {
        "question": " Emily had 7 coloring books. If she gave away 2 of them, but then bought 14 more, how many would she have total? ",
        "final_ans": "19"
    },
    {
        "question": " Chloe was organizing her book case making sure each of the shelves had exactly 6 books on it. If she had 5 shelves of mystery books and 4 shelves of picture books, how many books did she have total? ",
        "final_ans": "54"
    },
    {
        "question": " For the school bake sale Amy made pastries. She baked 15 cupcakes and 48 cookies. After the sale she had 12 to take back home. How many pastries did she sell? ",
        "final_ans": "51"
    },
    {
        "question": " Edward was trying to expand his game collection. He bought 41 games from a friend and bought 14 more at a garage sale. If 31 of the games didn't work, how many good games did he end up with? ",
        "final_ans": "24"
    },
    {
        "question": " A pet store had 78 puppies. In one day they sold 30 of them and put the rest into cages with 8 in each cage. How many cages did they use? ",
        "final_ans": "6"
    },
    {
        "question": " Oliver had 11 socks. If he threw away 4 old ones that didn't fit and bought 26 new ones, how many socks would he have? ",
        "final_ans": "33"
    },
    {
        "question": " A group of 3 friends went into a restaurant. The chef already had 6 chicken wings cooked but cooked 3 more for the group. If they each got the same amount how many would each person get? ",
        "final_ans": "3"
    },
    {
        "question": " A waiter had 5 tables he was waiting on, with 5 women and 3 men at each table. How many customers total did the waiter have? ",
        "final_ans": "40"
    },
    {
        "question": " At Oliver's Restaurant a group with 2 adults and 4 children came in to eat. If each meal cost 3 dollars, how much was the bill? ",
        "final_ans": "18"
    },
    {
        "question": " Lana was unboxing some of her old winter clothes. She found 4 boxes of clothing and inside each box there were 2 scarves and 6 mittens. How many pieces of winter clothing did Lana have total? ",
        "final_ans": "32"
    },
    {
        "question": " A pet store had 12 siamese cats and 20 house cats. During a sale they sold 20 cats. How many cats do they have left? ",
        "final_ans": "12"
    },
    {
        "question": " Paul made 3 dollars mowing lawns and 3 dollars weed eating. If he only spent 3 dollar a week, how long would the money last him? ",
        "final_ans": "2"
    },
    {
        "question": " A waiter at 'The Greasy Spoon' restaurant had 29 customers to wait on. During the lunch rush he added another 20 customers. If 34 of the customers didn't leave him a tip, how many customers did leave a tip? ",
        "final_ans": "15"
    },
    {
        "question": " For Halloween Haley scored 33 pieces of candy. She ate 17 pieces the first night and then her sister gave her 19 more pieces. How many pieces of candy does Haley have now? ",
        "final_ans": "35"
    },
    {
        "question": " Rachel was organizing her book case making sure each of the shelves had exactly 9 books on it. If she had 6 shelves of mystery books and 2 shelves of picture books, how many books did she have total? ",
        "final_ans": "72"
    },
    {
        "question": " Bianca picked 23 carrots from her garden. If she threw out 10 of them and then picked 47 more the next day, how many carrots would she have total? ",
        "final_ans": "60"
    },
    {
        "question": " Luke was trying to expand his game collection. He bought 2 games from a friend and bought 2 more at a garage sale. If 2 of the games didn't work, how many good games did he end up with? ",
        "final_ans": "2"
    },
    {
        "question": " There school's baseball team had 31 new players and 4 returning players. If the coach put them into groups with 7 players in each group, how many groups would there be? ",
        "final_ans": "5"
    },
    {
        "question": " Emily's team won their dodgeball game and scored 39 points total. If Emily scored 23 of the points and everyone else scored 2 points each, how many players were on her team? ",
        "final_ans": "8"
    },
    {
        "question": " Isabel had 72 homework problems. She finished 32 of them but still had 5 pages of problems to do. If each page has the same number of problems on it, how many problems are on each page? ",
        "final_ans": "8"
    },
    {
        "question": " Robin had 30 songs on her mp3 player. If she deleted 8 old songs from it and then added 10 new songs, how many songs does she have on her mp3 player? ",
        "final_ans": "32"
    },
    {
        "question": " Tom had to wash 10 short sleeve shirts and 25 long sleeve shirts before school. If he had only washed 5 of them by the time school started, how many did he not wash? ",
        "final_ans": "30"
    },
    {
        "question": " Luke had 48 dollars in January. By March he had spent 11 dollars. If he got another 21 dollars from his mom, how much money would he have? ",
        "final_ans": "58"
    },
    {
        "question": " Rachel was playing a video game and had 10 lives. In a hard part of the game she lost 4 lives. If she got 26 more lives in the next level, how many lives would she have? ",
        "final_ans": "32"
    },
    {
        "question": " At Billy's Restaurant a group with 2 adults and 5 children came in to eat. If each meal cost 3 dollars, how much was the bill? ",
        "final_ans": "21"
    },
    {
        "question": " Maria was making baggies of cookies with 3 cookies in each bag. If she had 2 chocolate chip cookies and 16 oatmeal cookies, how many baggies could she make? ",
        "final_ans": "6"
    },
    {
        "question": " Mike had 16 video games but 8 of them weren't working. If he wanted to sell the working games for $7 each, how much money could he earn? ",
        "final_ans": "56"
    },
    {
        "question": " The school cafeteria ordered 37 red apples and 45 green apples for students lunches. But, if only 51 students wanted fruit, how many extra did the cafeteria end up with? ",
        "final_ans": "31"
    },
    {
        "question": " Wendy picked 45 flowers for her friend\u2019s wedding. She was making bouquets with 5 flowers in each one. If 35 of the flowers wilted before the wedding, how many bouquets could she still make? ",
        "final_ans": "2"
    },
    {
        "question": " Debby bought two coloring books. One had 16 pictures and the other had 40. After one week she had already colored 33 of the pictures. How many pictures does she still have to color? ",
        "final_ans": "23"
    },
    {
        "question": " In a video game, each enemy defeated gives you 3 points. If a level has 6 enemies total and you destroy all but 2 of them, how many points would you earn? ",
        "final_ans": "12"
    },
    {
        "question": " Chloe was playing a trivia game. In the first round she scored 40 points and in the second round she scored 50 points. In the last round she lost 4 points. How many points did she have at the end of the game? ",
        "final_ans": "86"
    },
    {
        "question": " Sarah was planting vegetables in her garden. She started with 21 seeds and planted 12 of them in the big garden and in each of her small gardens put 3 seeds each. How many small gardens did Sarah have? ",
        "final_ans": "3"
    },
    {
        "question": " For Halloween Bianca received 32 pieces of candy. She ate 12 pieces then placed the rest into piles with 5 in each pile. How many piles could she make? ",
        "final_ans": "4"
    },
    {
        "question": " A store had 120 coloring books in stock. They ended up putting them on sale and getting rid of 39 of them. The put the ones they still had onto shelves with 9 on each shelf. How many shelves did they use? ",
        "final_ans": "9"
    },
    {
        "question": " Gwen bought two coloring books. One had 10 pictures and the other had 39. After one week she had already colored 13 of the pictures. How many pictures does she still have to color? ",
        "final_ans": "36"
    },
    {
        "question": " A pet store has 9 bird cages. If each cage has 2 parrots and 6 parakeets in it, how many birds does the pet store have total? ",
        "final_ans": "72"
    },
    {
        "question": " For the school bake sale Bianca made 14 cupcakes. If she sold 6 of them and then made 17 more, how many cupcakes would she have? ",
        "final_ans": "25"
    },
    {
        "question": " Kaleb had 10 video games but 8 of them weren't working. If he wanted to sell the working games for $6 each, how much money could he earn? ",
        "final_ans": "12"
    },
    {
        "question": " George had 28 socks. If he threw away 4 old ones that didn't fit and bought 36 new ones, how many socks would he have? ",
        "final_ans": "60"
    },
    {
        "question": " At the arcade, Tom won 32 tickets playing 'whack a mole' and 25 tickets playing 'skee ball'. If he spent 7 of his tickets on a hat, how many tickets does Tom have left? ",
        "final_ans": "50"
    },
    {
        "question": " The cafeteria had 62 apples. For lunch they handed out 8 to students and decided to use the rest to make pies. If each pie takes 9 apples, how many pies could they make? ",
        "final_ans": "6"
    },
    {
        "question": " A teacher had 29 worksheets to grade. If she graded 25, but then another 29 were turned in, how many worksheets would she have to grade? ",
        "final_ans": "33"
    },
    {
        "question": " A waiter had 21 customers in his section. If 12 of them left and the rest of his tables had 3 people at each table, how many tables did he have? ",
        "final_ans": "3"
    },
    {
        "question": " A magician was selling magic card decks for 5 dollars each. If he started with 14 decks and by the end of the day he had 5 left, how much money did he earn? ",
        "final_ans": "45"
    },
    {
        "question": " Lana picked 36 tulips and 37 roses to make flower bouquets. If she only used 70 of the flowers though, how many extra flowers did Lana pick? ",
        "final_ans": "3"
    },
    {
        "question": " Roger had 29 dollars. For his birthday he got 20 more dollars but spent 34 on a new game. How much money does he have now? ",
        "final_ans": "15"
    },
    {
        "question": " Isabel was selling her necklaces at a garage sale. She sold 3 bead necklaces and 3 gem stone necklaces. If each necklace cost 6 dollars, how much money did she earn? ",
        "final_ans": "36"
    },
    {
        "question": " Megan had 40 homework problems. She finished 26 of them but still had 2 pages of problems to do. If each page has the same number of problems on it, how many problems are on each page? ",
        "final_ans": "7"
    },
    {
        "question": " At the fair there were 7 people in line for the bumper cars. If 4 of them got tired of waiting and left and 8 more got in line, how many people would be in line? ",
        "final_ans": "11"
    },
    {
        "question": " A pet shelter had 17 puppies when another 55 were brought in. If 8 puppies a day are adopted, how long would it take for all of them to be adopted? ",
        "final_ans": "9"
    },
    {
        "question": " A waiter had 9 tables he was waiting on, with 7 women and 3 men at each table. How many customers total did the waiter have? ",
        "final_ans": "90"
    },
    {
        "question": " Kaleb had saved up 21 dollars. If he received another 15 dollars for his allowance, how many 6 dollar toys could he buy? ",
        "final_ans": "6"
    },
    {
        "question": " Ned had 15 video games but 6 of them weren't working. If he wanted to sell the working games for $7 each, how much money could he earn? ",
        "final_ans": "63"
    },
    {
        "question": " Tom was putting his spare change into piles. He had 2 piles of quarters and 4 piles of dimes. If each pile had 5 coins in it, how many coins did he have total? ",
        "final_ans": "30"
    },
    {
        "question": " Isabel baked 39 cupcakes for her school's bake sale. If her brother, Todd, ate 21 of them how many packages could she make if she put 3 cupcake in each package? ",
        "final_ans": "6"
    },
    {
        "question": " A store had 31 oranges in a bin. If they threw away 9 of the old ones and put 38 new ones in the bin how many would be in the bin? ",
        "final_ans": "60"
    },
    {
        "question": " The school cafeteria had 17 apples. If they used 2 to make lunch for the students and then bought 23 more, how many apples would they have? ",
        "final_ans": "38"
    },
    {
        "question": " Megan was organizing her book case making sure each of the shelves had exactly 7 books on it. If she had 8 shelves of mystery books and 2 shelves of picture books, how many books did she have total? ",
        "final_ans": "70"
    },
    {
        "question": " Kaleb was selling his old games. He started out with 76 but sold 46 of them. He packed the rest up putting 5 games into each box. How many boxes did he have to use? ",
        "final_ans": "6"
    },
    {
        "question": " Lana was unboxing some of her old winter clothes. She found 3 boxes of clothing and inside each box there were 3 scarves and 4 mittens. How many pieces of winter clothing did Lana have total? ",
        "final_ans": "21"
    },
    {
        "question": " For the school bake sale Katie made pastries. She baked 7 cupcakes and 5 cookies. After the sale she had 8 to take back home. How many pastries did she sell? ",
        "final_ans": "4"
    },
    {
        "question": " Gwen earned 8 points for each bag of cans she recycled. If she had 4 bags, but didn't recycle 2 of them, how many points would she have earned? ",
        "final_ans": "16"
    },
    {
        "question": " Vanessa and her friends were recycling paper for their class. For every 9 pounds they recycled they earned one point. If Vanessa recycled 20 pounds and her friends recycled 16 pounds, how many points did they earn? ",
        "final_ans": "4"
    },
    {
        "question": " A toy store had 5 giant stuffed bears in stock when they got another shipment with 7 bears in it. The put the bears onto shelves with 6 on each shelf. How many shelves did they use? ",
        "final_ans": "2"
    },
    {
        "question": " A waiter had 14 customers to wait on. If 3 customers left and he got another 39 customers, how many customers would he have? ",
        "final_ans": "50"
    },
    {
        "question": " A chef needs to cook 15 potatoes. He has already cooked 8. If each potato takes 9 minutes to cook, how long will it take him to cook the rest? ",
        "final_ans": "63"
    },
    {
        "question": " There were 16 friends playing a video game online when 7 players quit. If each player left had 8 lives, how many lives did they have total? ",
        "final_ans": "72"
    },
    {
        "question": " The cafeteria had 86 apples. For lunch they handed out 30 to students and decided to use the rest to make pies. If each pie takes 8 apples, how many pies could they make? ",
        "final_ans": "7"
    },
    {
        "question": " Amy had 26 music files and 36 video files on her flash drive. If she deleted 48 of the files, how many files were still on her flash drive? ",
        "final_ans": "14"
    },
    {
        "question": " Chloe baked 7 brownies, but needed 16 total for her party. If she used 6 cups of flour on each one, how much cups of flour does she still need? ",
        "final_ans": "54"
    },
    {
        "question": " While shopping for music online, Faye bought 2 country albums and 3 pop albums. Each album came with a lyric sheet and had 6 songs. How many songs did Faye buy total? ",
        "final_ans": "30"
    },
    {
        "question": " Dave had 10 video games but 2 of them weren't working. If he wanted to sell the working games for $4 each, how much money could he earn? ",
        "final_ans": "32"
    },
    {
        "question": " Haley baked 20 cupcakes for her school's bake sale. If her brother, Todd, ate 11 of them how many packages could she make if she put 3 cupcake in each package? ",
        "final_ans": "3"
    },
    {
        "question": " While shopping for music online, Isabel bought 4 country albums and 5 pop albums. Each album came with a lyric sheet and had 8 songs. How many songs did Isabel buy total? ",
        "final_ans": "72"
    },
    {
        "question": " A waiter had 9 tables he was waiting on, with 4 women and 3 men at each table. How many customers total did the waiter have? ",
        "final_ans": "63"
    },
    {
        "question": " Debby's class is going on a field trip to the zoo. If each van can hold 4 people and there are 2 students and 6 adults going, how many vans will they need? ",
        "final_ans": "2"
    },
    {
        "question": " Haley and her friends were recycling paper for their class. For every 3 pounds they recycled they earned one point. If Haley recycled 11 pounds and her friends recycled 16 pounds, how many points did they earn? ",
        "final_ans": "9"
    },
    {
        "question": " Roger had 45 dollars in January. By March he had spent 20 dollars. If he got another 46 dollars from his mom, how much money would he have? ",
        "final_ans": "71"
    },
    {
        "question": " A pet shelter had 17 puppies when another 55 were brought in. If 8 puppies a day are adopted, how long would it take for all of them to be adopted? ",
        "final_ans": "9"
    },
    {
        "question": " Billy was putting his spare change into piles. He had 2 piles of quarters and 3 piles of dimes. If each pile had 4 coins in it, how many coins did he have total? ",
        "final_ans": "20"
    },
    {
        "question": " A trivia team had 15 members total, but during a game 6 members didn't show up. If each member that did show up scored 3 points, how many points were scored total? ",
        "final_ans": "27"
    },
    {
        "question": " Paige had 8 songs on her mp3 player. If she deleted 5 old songs from it and then added 30 new songs, how many songs does she have on her mp3 player? ",
        "final_ans": "33"
    },
    {
        "question": " Maria had 14 bottles of water in her fridge. If she drank 8 of them and then bought 45 more, how many bottles would she have? ",
        "final_ans": "51"
    },
    {
        "question": " The schools debate team had 28 boys and 4 girls on it. If they were split into groups of 4 how many groups could they make? ",
        "final_ans": "8"
    },
    {
        "question": " Kaleb started his own lawn mowing business. In the spring he made 4 dollars mowing lawns and in the summer he made 50 dollars. If he had to spend 4 dollars buying supplies, how much money did he end up with? ",
        "final_ans": "50"
    },
    {
        "question": " April's discount flowers was having a sale where each flower was 3 dollars. If Robin bought 5 roses and 4 daisies, how much did she spend? ",
        "final_ans": "27"
    },
    {
        "question": " There are 25 students trying out for the school's trivia teams. If 15 of them didn't get picked for the team and the rest were put into 2 groups, how many students would be in each group? ",
        "final_ans": "5"
    },
    {
        "question": " Each chocolate bar in a box cost $3. If a box had 9 bars total and Wendy sold all but 3 bars, how much money would she have made? ",
        "final_ans": "18"
    },
    {
        "question": " Edward made 37 dollars mowing lawns over the summer. If he spent 21 dollars buying new mower blades, how many 2 dollar games could he buy with the money he had left? ",
        "final_ans": "8"
    },
    {
        "question": " A painter needed to paint 11 rooms in a building. Each room takes 7 hours to paint. If he already painted 2 rooms, how much longer will he take to paint the rest? ",
        "final_ans": "63"
    },
    {
        "question": " Henry earned 5 dollars for each lawn he mowed. If he had 12 lawns to mow, but forgot to mow 7 of them, how much money did he actually earn? ",
        "final_ans": "25"
    },
    {
        "question": " For the school bake sale Chloe made 28 cupcakes. If she sold 25 of them and then made 8 more, how many cupcakes would she have? ",
        "final_ans": "11"
    },
    {
        "question": " In a video game, each enemy defeated gives you 8 points. If a level has 7 enemies total and you destroy all but 2 of them, how many points would you earn? ",
        "final_ans": "40"
    },
    {
        "question": " Haley picked 28 carrots from her garden. If she threw out 11 of them and then picked 9 more the next day, how many carrots would she have total? ",
        "final_ans": "26"
    },
    {
        "question": " In a video game, each enemy defeated gives you 7 points. If a level has 11 enemies total and you destroy all but 8 of them, how many points would you earn? ",
        "final_ans": "21"
    },
    {
        "question": " There are 17 students trying out for the school's trivia teams. If 5 of them didn't get picked for the team and the rest were put into 3 groups, how many students would be in each group? ",
        "final_ans": "4"
    },
    {
        "question": " Wendy was playing a video game where she scores 5 points for each treasure she finds. If she found 4 treasures on the first level and 3 on the second, what would her score be? ",
        "final_ans": "35"
    },
    {
        "question": " Frank had saved up 3 dollars. If he received another 37 dollars for his allowance, how many 8 dollar toys could he buy? ",
        "final_ans": "5"
    },
    {
        "question": " While shopping for music online, Isabel bought 6 country albums and 2 pop albums. Each album came with a lyric sheet and had 9 songs. How many songs did Isabel buy total? ",
        "final_ans": "72"
    },
    {
        "question": " A pet shelter had 8 puppies when another 19 were brought in. If 3 puppies a day are adopted, how long would it take for all of them to be adopted? ",
        "final_ans": "9"
    },
    {
        "question": " A group of 3 friends went into a restaurant. The chef already had 6 chicken wings cooked but cooked 3 more for the group. If they each got the same amount how many would each person get? ",
        "final_ans": "3"
    },
    {
        "question": " A pet store had 15 siamese cats and 49 house cats. During a sale they sold 19 cats. How many cats do they have left? ",
        "final_ans": "45"
    },
    {
        "question": " Jerry is at the library helping put away books. There are 34 book to put away total but a librarian takes 7 of them and leaves Jerry with the rest. If he can fit 3 books on a shelf, how many shelves will he need? ",
        "final_ans": "9"
    },
    {
        "question": " While on vacation, Rachel took 6 pictures at the zoo and 9 at the museum. If she later deleted 11 of the pictures, how many pictures from her vacation did she still have? ",
        "final_ans": "4"
    },
    {
        "question": " While on vacation, Megan took 15 pictures at the zoo and 18 at the museum. If she later deleted 31 of the pictures, how many pictures from her vacation did she still have? ",
        "final_ans": "2"
    },
    {
        "question": " There school's baseball team had 12 new players and 44 returning players. If the coach put them into groups with 8 players in each group, how many groups would there be? ",
        "final_ans": "7"
    },
    {
        "question": " Sarah baked 38 cupcakes for her school's bake sale. If her brother, Todd, ate 14 of them how many packages could she make if she put 8 cupcake in each package? ",
        "final_ans": "3"
    },
    {
        "question": " While playing at the arcade, Edward won 3 tickets playing 'whack a mole' and 5 tickets playing 'skee ball'. If he was trying to buy candy that cost 4 tickets a piece, how many could he buy? ",
        "final_ans": "2"
    },
    {
        "question": " A painter needed to paint 10 rooms in a building. Each room takes 8 hours to paint. If he already painted 8 rooms, how much longer will he take to paint the rest? ",
        "final_ans": "16"
    },
    {
        "question": " Sam was collecting cans for recycling. On Saturday he filled 4 bags up and on Sunday he filled 3 more bags. If each bag had 6 cans in it, how many cans did he pick up total? ",
        "final_ans": "42"
    },
    {
        "question": " Dave had to wash 29 short sleeve shirts and 11 long sleeve shirts before school. If he had only washed 35 of them by the time school started, how many did he not wash? ",
        "final_ans": "5"
    },
    {
        "question": " For Halloween Sarah received 66 pieces of candy from neighbors and 15 pieces from her older sister. If she only ate 9 pieces a day, how long would the candy last her? ",
        "final_ans": "9"
    },
    {
        "question": " A waiter had 6 tables he was waiting on, with 3 women and 5 men at each table. How many customers total did the waiter have? ",
        "final_ans": "48"
    },
    {
        "question": " Ned was helping the cafeteria workers pick up lunch trays, but he could only carry 5 trays at a time. If he had to pick up 5 trays from one table and 5 trays from another, how many trips will he make? ",
        "final_ans": "2"
    },
    {
        "question": " While shopping, Emily bought 5 green towels and 30 white towels. If she gave her mother 26 of them, how many towels did Emily end up with? ",
        "final_ans": "9"
    },
    {
        "question": " Sarah had 55 homework problems. She finished 6 of them but still had 7 pages of problems to do. If each page has the same number of problems on it, how many problems are on each page? ",
        "final_ans": "7"
    },
    {
        "question": " Oliver made 35 dollars mowing lawns over the summer. If he spent 7 dollars buying new mower blades, how many 4 dollar games could he buy with the money he had left? ",
        "final_ans": "7"
    },
    {
        "question": " Edward and his friend were buying trick decks from the magic shop for 9 dollars each. How much did they spend if Edward bought 4 decks and his friend bought 4 decks? ",
        "final_ans": "72"
    },
    {
        "question": " A new building needed 12 windows. The builder had already installed 6 of them. If it takes 4 hours to install each window, how long will it take him to install the rest? ",
        "final_ans": "24"
    },
    {
        "question": " Luke was organizing his baseball cards in a binder with 3 on each page. If he had 3 new cards and 9 old cards to put in the binder, how many pages would he use? ",
        "final_ans": "4"
    },
    {
        "question": " At the arcade, Jerry won 29 tickets playing 'whack a mole' and 17 tickets playing 'skee ball'. If he spent 12 of his tickets on a hat, how many tickets does Jerry have left? ",
        "final_ans": "34"
    },
    {
        "question": " A store had 86 coloring books in stock. They ended up putting them on sale and getting rid of 37 of them. The put the ones they still had onto shelves with 7 on each shelf. How many shelves did they use? ",
        "final_ans": "7"
    },
    {
        "question": " The school cafeteria ordered 33 red apples and 23 green apples for students lunches. But, if only 21 students wanted fruit, how many extra did the cafeteria end up with? ",
        "final_ans": "35"
    },
    {
        "question": " Mike made 101 dollars mowing lawns over the summer. If he spent 47 dollars buying new mower blades, how many 6 dollar games could he buy with the money he had left? ",
        "final_ans": "9"
    },
    {
        "question": " There were 7 friends playing a video game online when 2 more players joined the game. If each player had 7 lives, how many lives did they have total? ",
        "final_ans": "63"
    },
    {
        "question": " For the school bake sale Paige made pastries. She baked 36 cupcakes and 9 cookies. After the sale she had 4 to take back home. How many pastries did she sell? ",
        "final_ans": "41"
    },
    {
        "question": " At the schools book fair Sam bought 13 adventure books and 17 mystery books. If 15 of the books were used, how many new books did he buy? ",
        "final_ans": "15"
    },
    {
        "question": " For a birthday party George bought 10 regular sodas and 22 diet sodas. If his fridge would only hold 4 on each shelf, how many shelves would he fill up? ",
        "final_ans": "8"
    },
    {
        "question": " Henry was helping the cafeteria workers pick up lunch trays, but he could only carry 9 trays at a time. If he had to pick up 29 trays from one table and 52 trays from another, how many trips will he make? ",
        "final_ans": "9"
    },
    {
        "question": " Haley was planting vegetables in her garden. She started with 56 seeds and planted 35 of them in the big garden and in each of her small gardens put 3 seeds each. How many small gardens did Haley have? ",
        "final_ans": "7"
    },
    {
        "question": " At a restaurant each adult meal costs $2 and kids eat free. If a group of 15 people came in and 9 were kids, how much would it cost for the group to eat? ",
        "final_ans": "12"
    },
    {
        "question": " Rachel was unboxing some of her old winter clothes. She found 7 boxes of clothing and inside each box there were 3 scarves and 4 mittens. How many pieces of winter clothing did Rachel have total? ",
        "final_ans": "49"
    },
    {
        "question": " A chef needs to cook 16 potatoes. He has already cooked 7. If each potato takes 5 minutes to cook, how long will it take him to cook the rest? ",
        "final_ans": "45"
    },
    {
        "question": " Emily was playing a video game and had 42 lives. In a hard part of the game she lost 25 lives. If she got 24 more lives in the next level, how many lives would she have? ",
        "final_ans": "41"
    },
    {
        "question": " There are 58 students trying out for the school's trivia teams. If 10 of them didn't get picked for the team and the rest were put into 8 groups, how many students would be in each group? ",
        "final_ans": "6"
    },
    {
        "question": " Wendy earned 5 points for each bag of cans she recycled. If she had 11 bags, but didn't recycle 2 of them, how many points would she have earned? ",
        "final_ans": "45"
    },
    {
        "question": " A pet store had 41 siamese cats and 28 house cats. During a sale they sold 15 cats. How many cats do they have left? ",
        "final_ans": "54"
    },
    {
        "question": " Vanessa and her mom were picking carrots from their garden. Vanessa picked 17 and her mother picked 14. If only 24 of the carrots were good, how many bad carrots did they have? ",
        "final_ans": "7"
    },
    {
        "question": " The school cafeteria ordered 25 red apples and 17 green apples for students lunches. But, if only 10 students wanted fruit, how many extra did the cafeteria end up with? ",
        "final_ans": "32"
    },
    {
        "question": " A pet store has 6 bird cages. If each cage has 6 parrots and 2 parakeets in it, how many birds does the pet store have total? ",
        "final_ans": "48"
    },
    {
        "question": " Jerry was helping the cafeteria workers pick up lunch trays, but he could only carry 8 trays at a time. If he had to pick up 9 trays from one table and 7 trays from another, how many trips will he make? ",
        "final_ans": "2"
    },
    {
        "question": " A teacher had 38 worksheets to grade. If she graded 4, but then another 15 were turned in, how many worksheets would she have to grade? ",
        "final_ans": "49"
    },
    {
        "question": " While playing a trivia game, Mike answered 3 questions correct in the first half and 5 questions correct in the second half. If each question was worth 3 points, what was his final score? ",
        "final_ans": "24"
    },
    {
        "question": " Edward and his friend were buying trick decks from the magic shop for 6 dollars each. How much did they spend if Edward bought 3 decks and his friend bought 6 decks? ",
        "final_ans": "54"
    },
    {
        "question": " At the town carnival Oliver rode the ferris wheel 7 times and the bumper cars 3 times. If each ride cost 3 tickets, how many tickets did he use? ",
        "final_ans": "30"
    },
    {
        "question": " There are 36 students trying out for the school's trivia teams. If 9 of them didn't get picked for the team and the rest were put into 3 groups, how many students would be in each group? ",
        "final_ans": "9"
    },
    {
        "question": " Frank made 5 dollars mowing lawns and 58 dollars weed eating. If he only spent 7 dollar a week, how long would the money last him? ",
        "final_ans": "9"
    },
    {
        "question": " At the fair there were 9 people in line for the bumper cars. If 6 of them got tired of waiting and left and 3 more got in line, how many people would be in line? ",
        "final_ans": "6"
    },
    {
        "question": " A new building needed 10 windows. The builder had already installed 6 of them. If it takes 5 hours to install each window, how long will it take him to install the rest? ",
        "final_ans": "20"
    },
    {
        "question": " Olivia uploaded 5 pictures from her phone and 35 from her camera to facebook. If she sorted the pics into 8 different albums with the same amount of pics in each album, how many pictures were in each of the albums? ",
        "final_ans": "5"
    },
    {
        "question": " Tom had 57 dollars. If he spent 49 bucks on a new game, how many 4 dollar toys could he buy with the money he had left? ",
        "final_ans": "2"
    },
    {
        "question": " At the fair there were 30 people in line for the bumper cars. If 10 of them got tired of waiting and left and 5 more got in line, how many people would be in line? ",
        "final_ans": "25"
    },
    {
        "question": " There were 2 friends playing a video game online when 2 more players joined the game. If each player had 8 lives, how many lives did they have total? ",
        "final_ans": "32"
    },
    {
        "question": " Debby's class is going on a field trip to the zoo. If each van can hold 9 people and there are 40 students and 14 adults going, how many vans will they need? ",
        "final_ans": "6"
    },
    {
        "question": " In fourth grade there were 8 students at the start of the year. During the year 5 students left and 8 new students came to school. How many students were in fourth grade at the end? ",
        "final_ans": "11"
    },
    {
        "question": " Ned was trying to expand his game collection. He bought 11 games from a friend and bought 22 more at a garage sale. If 19 of the games didn't work, how many good games did he end up with? ",
        "final_ans": "14"
    },
    {
        "question": " For Halloween Janet and her sister combined the candy they received. Janet had 34 pieces of candy while her sister had 33. If they ate 4 pieces the first night, how many pieces do they have left? ",
        "final_ans": "63"
    },
    {
        "question": " A pet shelter had 3 puppies when another 3 were brought in. If 3 puppies a day are adopted, how long would it take for all of them to be adopted? ",
        "final_ans": "2"
    },
    {
        "question": " Jerry had 60 pieces of clothing to wash. He put 40 of them in one load, but decided to split the rest into 5 equal loads. How many pieces of clothing could go in each of the small loads? ",
        "final_ans": "4"
    },
    {
        "question": " Edward was selling his old games. He started out with 35 but sold 19 of them. He packed the rest up putting 8 games into each box. How many boxes did he have to use? ",
        "final_ans": "2"
    },
    {
        "question": " Sam had saved up 8 dollars. If he received another 7 dollars for his allowance, how many 3 dollar toys could he buy? ",
        "final_ans": "5"
    },
    {
        "question": " There were 30 girls and 36 boys trying out for the schools basketball team. If only 10 of them got called back, how many students didn't make the cut? ",
        "final_ans": "56"
    },
    {
        "question": " The school cafeteria ordered 42 red apples and 7 green apples for students lunches. But, if only 9 students wanted fruit, how many extra did the cafeteria end up with? ",
        "final_ans": "40"
    },
    {
        "question": " Sam invited 9 friends to a birthday party, but 6 couldn't come. If he wanted to buy enough cupcakes so each person could have exactly 2, how many should he buy? ",
        "final_ans": "6"
    },
    {
        "question": " Nancy was planting vegetables in her garden. She started with 52 seeds and planted 28 of them in the big garden and in each of her small gardens put 4 seeds each. How many small gardens did Nancy have? ",
        "final_ans": "6"
    },
    {
        "question": " Adam had 5 dollars. At the store he spent $2 on a new game. If he got another 5 dollars for his allowance, how much money does he have now? ",
        "final_ans": "8"
    },
    {
        "question": " At lunch a waiter had 7 customers and 4 of them didn't leave a tip. If he got $9 each from the ones who did tip, how much money did he earn? ",
        "final_ans": "27"
    },
    {
        "question": " Robin uploaded 35 pictures from her phone and 5 from her camera to facebook. If she sorted the pics into 5 different albums with the same amount of pics in each album, how many pictures were in each of the albums? ",
        "final_ans": "8"
    },
    {
        "question": " Oliver had to wash 39 short sleeve shirts and 47 long sleeve shirts before school. If he had only washed 20 of them by the time school started, how many did he not wash? ",
        "final_ans": "66"
    },
    {
        "question": " A store had 5 oranges in a bin. If they threw away 2 of the old ones and put 28 new ones in the bin how many would be in the bin? ",
        "final_ans": "31"
    },
    {
        "question": " John had 6 action figures, but needed 11 total for a complete collection. If each one costs $6, how much money would he need to finish his collection? ",
        "final_ans": "30"
    },
    {
        "question": " In fourth grade there were 33 students at the start of the year. During the year 18 students left and 14 new students came to school. How many students were in fourth grade at the end? ",
        "final_ans": "29"
    },
    {
        "question": " Paige's team won their dodgeball game and scored 41 points total. If Paige scored 11 of the points and everyone else scored 6 points each, how many players were on her team? ",
        "final_ans": "5"
    },
    {
        "question": " Vanessa had 13 music files and 30 video files on her flash drive. If she deleted 10 of the files, how many files were still on her flash drive? ",
        "final_ans": "33"
    },
    {
        "question": " While shopping for music online, Megan bought 2 country albums and 8 pop albums. Each album came with a lyric sheet and had 7 songs. How many songs did Megan buy total? ",
        "final_ans": "70"
    },
    {
        "question": " A waiter had 7 tables he was waiting on, with 7 women and 2 men at each table. How many customers total did the waiter have? ",
        "final_ans": "63"
    },
    {
        "question": " A company invited 18 people to a luncheon, but 12 of them didn't show up. If the tables they had held 3 people each, how many tables do they need? ",
        "final_ans": "2"
    },
    {
        "question": " A worksheet had 4 problems on it. If a teacher had 9 worksheets to grade and had already graded 5 of them, how many more problems does she have to grade? ",
        "final_ans": "16"
    },
    {
        "question": " Kaleb had 39 pieces of clothing to wash. He put 19 of them in one load, but decided to split the rest into 5 equal loads. How many pieces of clothing could go in each of the small loads? ",
        "final_ans": "4"
    },
    {
        "question": " A toy store had 6 giant stuffed bears in stock when they got another shipment with 18 bears in it. The put the bears onto shelves with 6 on each shelf. How many shelves did they use? ",
        "final_ans": "4"
    },
    {
        "question": " Will had 57 dollars. If he spent 27 bucks on a new game, how many 6 dollar toys could he buy with the money he had left? ",
        "final_ans": "5"
    },
    {
        "question": " Paige picked 53 flowers for her friend\u2019s wedding. She was making bouquets with 7 flowers in each one. If 18 of the flowers wilted before the wedding, how many bouquets could she still make? ",
        "final_ans": "5"
    },
    {
        "question": " Oliver was organizing his baseball cards in a binder with 3 on each page. If he had 2 new cards and 10 old cards to put in the binder, how many pages would he use? ",
        "final_ans": "4"
    },
    {
        "question": " Kaleb had 34 books. If he sold 17 of them and used the money he earned to buy 7 new books, how many books would Kaleb have? ",
        "final_ans": "24"
    },
    {
        "question": " A toy store had 6 giant stuffed bears in stock when they got another shipment with 18 bears in it. The put the bears onto shelves with 6 on each shelf. How many shelves did they use? ",
        "final_ans": "4"
    },
    {
        "question": " Bianca was planting vegetables in her garden. She started with 52 seeds and planted 40 of them in the big garden and in each of her small gardens put 2 seeds each. How many small gardens did Bianca have? ",
        "final_ans": "6"
    },
    {
        "question": " Mike had 15 video games but 9 of them weren't working. If he wanted to sell the working games for $5 each, how much money could he earn? ",
        "final_ans": "30"
    },
    {
        "question": " A painter needed to paint 9 rooms in a building. Each room takes 8 hours to paint. If he already painted 5 rooms, how much longer will he take to paint the rest? ",
        "final_ans": "32"
    },
    {
        "question": " A waiter had 19 customers to wait on. If 14 customers left and he got another 36 customers, how many customers would he have? ",
        "final_ans": "41"
    },
    {
        "question": " At the fair Kaleb bought 6 tickets. After riding the ferris wheel he had 3 tickets left. If each ticket cost 9 dollars, how much money did Kaleb spend riding the ferris wheel? ",
        "final_ans": "27"
    },
    {
        "question": " The schools debate team had 11 boys and 45 girls on it. If they were split into groups of 7 how many groups could they make? ",
        "final_ans": "8"
    },
    {
        "question": " Tom bought 14 boxes of chocolate candy and gave 8 to his little brother. If each box has 3 pieces inside it, how many pieces did Tom still have? ",
        "final_ans": "18"
    },
    {
        "question": " At the fair there were 10 people in line for the bumper cars. If 2 of them got tired of waiting and left and 2 more got in line, how many people would be in line? ",
        "final_ans": "10"
    },
    {
        "question": " For Halloween Katie and her sister combined the candy they received. Katie had 10 pieces of candy while her sister had 6. If they ate 9 pieces the first night, how many pieces do they have left? ",
        "final_ans": "7"
    },
    {
        "question": " The cafeteria had 75 apples. For lunch they handed out 19 to students and decided to use the rest to make pies. If each pie takes 8 apples, how many pies could they make? ",
        "final_ans": "7"
    },
    {
        "question": " Amy was playing a video game where she scores 4 points for each treasure she finds. If she found 6 treasures on the first level and 2 on the second, what would her score be? ",
        "final_ans": "32"
    },
    {
        "question": " Paul made 68 dollars mowing lawns and 13 dollars weed eating. If he only spent 9 dollar a week, how long would the money last him? ",
        "final_ans": "9"
    },
    {
        "question": " A pet store had 36 siamese cats and 18 house cats. During a sale they sold 26 cats. How many cats do they have left? ",
        "final_ans": "28"
    },
    {
        "question": " Edward started his own lawn mowing business. In the spring he made 2 dollars mowing lawns and in the summer he made 27 dollars. If he had to spend 5 dollars buying supplies, how much money did he end up with? ",
        "final_ans": "24"
    },
    {
        "question": " Billy was organizing his baseball cards in a binder with 5 on each page. If he had 3 new cards and 42 old cards to put in the binder, how many pages would he use? ",
        "final_ans": "9"
    },
    {
        "question": " Rachel bought 7 new chairs and 3 new tables for her house. If she spent 4 minutes on each piece furniture putting it together, how many minutes did it take her to finish? ",
        "final_ans": "40"
    },
    {
        "question": " The cafeteria had 47 apples. For lunch they handed out 27 to students and decided to use the rest to make pies. If each pie takes 4 apples, how many pies could they make? ",
        "final_ans": "5"
    },
    {
        "question": " Haley and her mom were picking carrots from their garden. Haley picked 39 and her mother picked 38. If only 64 of the carrots were good, how many bad carrots did they have? ",
        "final_ans": "13"
    },
    {
        "question": " Tiffany had 6 pages of math homework and 4 pages of reading homework. If each page had 3 problems on it, how many problems did she have to complete total? ",
        "final_ans": "30"
    },
    {
        "question": " For homework Amy had 18 math problems and 6 spelling problems. If she can finish 4 problems in an hour how long will it take her to finish all the problems? ",
        "final_ans": "6"
    },
    {
        "question": " Emily was playing a trivia game. In the first round she scored 16 points and in the second round she scored 33 points. In the last round she lost 48 points. How many points did she have at the end of the game? ",
        "final_ans": "1"
    },
    {
        "question": " At the schools book fair Sam bought 13 adventure books and 17 mystery books. If 15 of the books were used, how many new books did he buy? ",
        "final_ans": "15"
    },
    {
        "question": " While playing a trivia game, George answered 6 questions correct in the first half and 4 questions correct in the second half. If each question was worth 3 points, what was his final score? ",
        "final_ans": "30"
    }
]